Type,Name,Request Count,Failure Count,Median Response Time,Average Response Time,Min Response Time,Max Response Time,Average Content Size,Requests/s,Failures/s,50%,66%,75%,80%,90%,95%,98%,99%,99.9%,99.99%,100%
GET,/,6309,0,3,3.3843465683943923,2.0327999999949498,87.48620000000074,8688.0,26.35535034255623,0.0,3,3,3,4,4,5,7,16,49,87,87
,Aggregated,6309,0,3,3.3843465683943923,2.0327999999949498,87.48620000000074,8688.0,26.35535034255623,0.0,3,3,3,4,4,5,7,16,49,87,87
