Type,Name,Request Count,Failure Count,Median Response Time,Average Response Time,Min Response Time,Max Response Time,Average Content Size,Requests/s,Failures/s,50%,66%,75%,80%,90%,95%,98%,99%,99.9%,99.99%,100%
GET,/,30070,0,4,4.649053116062605,1.7469000000005508,126.0746000000097,8688.0,125.69342669353662,0.0,4,4,5,5,6,8,16,27,64,110,130
,Aggregated,30070,0,4,4.649053116062605,1.7469000000005508,126.0746000000097,8688.0,125.69342669353662,0.0,4,4,5,5,6,8,16,27,64,110,130
