Type,Name,Request Count,Failure Count,Median Response Time,Average Response Time,Min Response Time,Max Response Time,Average Content Size,Requests/s,Failures/s,50%,66%,75%,80%,90%,95%,98%,99%,99.9%,99.99%,100%
GET,/,18232,0,3,4.0130624780606166,1.7831999999771142,99.45100000001617,8688.0,76.14358684420392,0.0,3,4,4,4,5,6,13,19,62,99,99
,Aggregated,18232,0,3,4.0130624780606166,1.7831999999771142,99.45100000001617,8688.0,76.14358684420392,0.0,3,4,4,4,5,6,13,19,62,99,99
