Type,Name,Request Count,Failure Count,Median Response Time,Average Response Time,Min Response Time,Max Response Time,Average Content Size,Requests/s,Failures/s,50%,66%,75%,80%,90%,95%,98%,99%,99.9%,99.99%,100%
GET,/,34089,0,4,5.245543600574984,1.7437999999856402,269.814800000006,8688.0,142.52924178301836,0.0,4,5,5,5,6,8,18,47,160,230,270
,Aggregated,34089,0,4,5.245543600574984,1.7437999999856402,269.814800000006,8688.0,142.52924178301836,0.0,4,5,5,5,6,8,18,47,160,230,270
