Type,Name,Request Count,Failure Count,Median Response Time,Average Response Time,Min Response Time,Max Response Time,Average Content Size,Requests/s,Failures/s,50%,66%,75%,80%,90%,95%,98%,99%,99.9%,99.99%,100%
GET,/,36573,0,4,5.758712388920755,1.7336999999884029,274.3717000000032,8688.0,153.04721101045712,0.0,4,5,5,6,7,10,26,50,160,200,270
,Aggregated,36573,0,4,5.758712388920755,1.7336999999884029,274.3717000000032,8688.0,153.04721101045712,0.0,4,5,5,6,7,10,26,50,160,200,270
