Type,Name,Request Count,Failure Count,Median Response Time,Average Response Time,Min Response Time,Max Response Time,Average Content Size,Requests/s,Failures/s,50%,66%,75%,80%,90%,95%,98%,99%,99.9%,99.99%,100%
GET,/,39046,0,4,5.877464856835482,1.5951999999970212,174.6714999999881,8688.0,163.37105751709612,0.0,4,5,5,6,7,13,31,49,110,140,170
,Aggregated,39046,0,4,5.877464856835482,1.5951999999970212,174.6714999999881,8688.0,163.37105751709612,0.0,4,5,5,6,7,13,31,49,110,140,170
