Type,Name,Request Count,Failure Count,Median Response Time,Average Response Time,Min Response Time,Max Response Time,Average Content Size,Requests/s,Failures/s,50%,66%,75%,80%,90%,95%,98%,99%,99.9%,99.99%,100%
GET,/,3165,0,3,3.3377205371247136,1.979499999976042,62.33809999999984,8688.0,13.217947699789946,0.0,3,3,3,4,4,5,6,17,49,62,62
,Aggregated,3165,0,3,3.3377205371247136,1.979499999976042,62.33809999999984,8688.0,13.217947699789946,0.0,3,3,3,4,4,5,6,17,49,62,62
