Type,Name,Request Count,Failure Count,Median Response Time,Average Response Time,Min Response Time,Max Response Time,Average Content Size,Requests/s,Failures/s,50%,66%,75%,80%,90%,95%,98%,99%,99.9%,99.99%,100%
GET,/,7819,0,3,3.4230134416165847,1.772199999997781,115.1118000000011,8688.0,32.661790406196126,0.0,3,3,4,4,4,5,7,17,49,120,120
,Aggregated,7819,0,3,3.4230134416165847,1.772199999997781,115.1118000000011,8688.0,32.661790406196126,0.0,3,3,4,4,4,5,7,17,49,120,120
