Type,Name,Request Count,Failure Count,Median Response Time,Average Response Time,Min Response Time,Max Response Time,Average Content Size,Requests/s,Failures/s,50%,66%,75%,80%,90%,95%,98%,99%,99.9%,99.99%,100%
GET,/,40913,0,4,6.670215950920285,1.6721000000075037,264.6950999999831,8688.0,170.90420408848777,0.0,4,5,6,6,8,16,46,63,170,240,260
,Aggregated,40913,0,4,6.670215950920285,1.6721000000075037,264.6950999999831,8688.0,170.90420408848777,0.0,4,5,6,6,8,16,46,63,170,240,260
