Type,Name,Request Count,Failure Count,Median Response Time,Average Response Time,Min Response Time,Max Response Time,Average Content Size,Requests/s,Failures/s,50%,66%,75%,80%,90%,95%,98%,99%,99.9%,99.99%,100%
GET,/,35860,0,4,5.426754785276067,1.606999999999914,217.38390000000152,8688.0,150.11945399210646,0.0,4,5,5,6,7,9,21,48,110,210,220
,Aggregated,35860,0,4,5.426754785276067,1.606999999999914,217.38390000000152,8688.0,150.11945399210646,0.0,4,5,5,6,7,9,21,48,110,210,220
