Type,Name,Request Count,Failure Count,Median Response Time,Average Response Time,Min Response Time,Max Response Time,Average Content Size,Requests/s,Failures/s,50%,66%,75%,80%,90%,95%,98%,99%,99.9%,99.99%,100%
GET,/,34618,0,4,5.073365029753323,1.6403999999994312,130.25470000000894,8688.0,144.7801577235295,0.0,4,5,5,5,7,9,19,45,81,120,130
,Aggregated,34618,0,4,5.073365029753323,1.6403999999994312,130.25470000000894,8688.0,144.7801577235295,0.0,4,5,5,5,7,9,19,45,81,120,130
