Type,Name,Request Count,Failure Count,Median Response Time,Average Response Time,Min Response Time,Max Response Time,Average Content Size,Requests/s,Failures/s,50%,66%,75%,80%,90%,95%,98%,99%,99.9%,99.99%,100%
GET,/,16172,0,3,3.8887605367300857,1.8473999999741864,115.77159999998798,8688.0,67.53573138278931,0.0,3,4,4,4,5,6,12,18,56,110,120
,Aggregated,16172,0,3,3.8887605367300857,1.8473999999741864,115.77159999998798,8688.0,67.53573138278931,0.0,3,4,4,4,5,6,12,18,56,110,120
