Type,Name,Request Count,Failure Count,Median Response Time,Average Response Time,Min Response Time,Max Response Time,Average Content Size,Requests/s,Failures/s,50%,66%,75%,80%,90%,95%,98%,99%,99.9%,99.99%,100%
GET,/,13948,0,3,3.7300541654716275,1.7557999999837648,107.42150000000095,8688.0,58.24680518767386,0.0,3,4,4,4,5,5,9,18,49,66,110
,Aggregated,13948,0,3,3.7300541654716275,1.7557999999837648,107.42150000000095,8688.0,58.24680518767386,0.0,3,4,4,4,5,5,9,18,49,66,110
