Type,Name,Request Count,Failure Count,Median Response Time,Average Response Time,Min Response Time,Max Response Time,Average Content Size,Requests/s,Failures/s,50%,66%,75%,80%,90%,95%,98%,99%,99.9%,99.99%,100%
GET,/,39569,0,4,6.236684005155499,1.718299999993178,253.438100000011,8688.0,165.40811852697306,0.0,4,5,6,6,8,15,38,58,150,250,250
,Aggregated,39569,0,4,6.236684005155499,1.718299999993178,253.438100000011,8688.0,165.40811852697306,0.0,4,5,6,6,8,15,38,58,150,250,250
