Type,Name,Request Count,Failure Count,Median Response Time,Average Response Time,Min Response Time,Max Response Time,Average Content Size,Requests/s,Failures/s,50%,66%,75%,80%,90%,95%,98%,99%,99.9%,99.99%,100%
GET,/,3988,0,3,3.2976566449346256,1.9906999999932395,52.06379999999999,8688.0,16.65444423133472,0.0,3,3,3,3,4,4,6,16,51,52,52
,Aggregated,3988,0,3,3.2976566449346256,1.9906999999932395,52.06379999999999,8688.0,16.65444423133472,0.0,3,3,3,3,4,4,6,16,51,52,52
