Type,Name,Request Count,Failure Count,Median Response Time,Average Response Time,Min Response Time,Max Response Time,Average Content Size,Requests/s,Failures/s,50%,66%,75%,80%,90%,95%,98%,99%,99.9%,99.99%,100%
GET,/,30824,0,4,4.768059998702288,1.7234999999971023,243.5643999999968,8688.0,128.8488386722082,0.0,4,4,5,5,6,7,16,28,110,200,240
,Aggregated,30824,0,4,4.768059998702288,1.7234999999971023,243.5643999999968,8688.0,128.8488386722082,0.0,4,4,5,5,6,7,16,28,110,200,240
