Type,Name,Request Count,Failure Count,Median Response Time,Average Response Time,Min Response Time,Max Response Time,Average Content Size,Requests/s,Failures/s,50%,66%,75%,80%,90%,95%,98%,99%,99.9%,99.99%,100%
GET,/,37708,0,4,5.579498117110422,1.720800000001077,177.17389999999966,8688.0,157.6928464323771,0.0,4,5,5,6,7,11,26,48,110,150,180
,Aggregated,37708,0,4,5.579498117110422,1.720800000001077,177.17389999999966,8688.0,157.6928464323771,0.0,4,5,5,6,7,11,26,48,110,150,180
