Type,Name,Request Count,Failure Count,Median Response Time,Average Response Time,Min Response Time,Max Response Time,Average Content Size,Requests/s,Failures/s,50%,66%,75%,80%,90%,95%,98%,99%,99.9%,99.99%,100%
GET,/,35430,0,4,5.527001143099043,1.8074999999839747,199.623399999993,8688.0,148.2014984974916,0.0,4,5,5,6,7,9,24,48,130,180,200
,Aggregated,35430,0,4,5.527001143099043,1.8074999999839747,199.623399999993,8688.0,148.2014984974916,0.0,4,5,5,6,7,9,24,48,130,180,200
