Type,Name,Request Count,Failure Count,Median Response Time,Average Response Time,Min Response Time,Max Response Time,Average Content Size,Requests/s,Failures/s,50%,66%,75%,80%,90%,95%,98%,99%,99.9%,99.99%,100%
GET,/,37239,0,4,5.653189892317206,1.5927000000033331,178.61890000000358,8688.0,155.75041069864832,0.0,4,5,5,6,7,10,26,48,120,160,180
,Aggregated,37239,0,4,5.653189892317206,1.5927000000033331,178.61890000000358,8688.0,155.75041069864832,0.0,4,5,5,6,7,10,26,48,120,160,180
