Type,Name,Request Count,Failure Count,Median Response Time,Average Response Time,Min Response Time,Max Response Time,Average Content Size,Requests/s,Failures/s,50%,66%,75%,80%,90%,95%,98%,99%,99.9%,99.99%,100%
GET,/,15338,0,3,3.789267505541828,1.7939999999967426,72.67129999999611,8688.0,64.29015626611242,0.0,3,4,4,4,5,6,10,18,49,72,73
,Aggregated,15338,0,3,3.789267505541828,1.7939999999967426,72.67129999999611,8688.0,64.29015626611242,0.0,3,4,4,4,5,6,10,18,49,72,73
