Type,Name,Request Count,Failure Count,Median Response Time,Average Response Time,Min Response Time,Max Response Time,Average Content Size,Requests/s,Failures/s,50%,66%,75%,80%,90%,95%,98%,99%,99.9%,99.99%,100%
GET,/,32039,0,4,4.906778647897924,1.5924000000069327,178.40329999999938,8688.0,133.99550305570096,0.0,4,4,5,5,6,8,17,40,99,150,180
,Aggregated,32039,0,4,4.906778647897924,1.5924000000069327,178.40329999999938,8688.0,133.99550305570096,0.0,4,4,5,5,6,8,17,40,99,150,180
