Type,Name,Request Count,Failure Count,Median Response Time,Average Response Time,Min Response Time,Max Response Time,Average Content Size,Requests/s,Failures/s,50%,66%,75%,80%,90%,95%,98%,99%,99.9%,99.99%,100%
GET,/,2394,0,3,3.2066000417707823,1.9891000000029635,48.79389999999262,8688.0,10.044065375914252,0.0,3,3,3,3,4,4,6,17,23,49,49
,Aggregated,2394,0,3,3.2066000417707823,1.9891000000029635,48.79389999999262,8688.0,10.044065375914252,0.0,3,3,3,3,4,4,6,17,23,49,49
