Type,Name,Request Count,Failure Count,Median Response Time,Average Response Time,Min Response Time,Max Response Time,Average Content Size,Requests/s,Failures/s,50%,66%,75%,80%,90%,95%,98%,99%,99.9%,99.99%,100%
GET,/,23843,0,4,4.380809197668048,1.7183000000215998,105.8938999999981,8688.0,99.62737070801836,0.0,4,4,4,5,6,7,15,23,93,110,110
,Aggregated,23843,0,4,4.380809197668048,1.7183000000215998,105.8938999999981,8688.0,99.62737070801836,0.0,4,4,4,5,6,7,15,23,93,110,110
