Type,Name,Request Count,Failure Count,Median Response Time,Average Response Time,Min Response Time,Max Response Time,Average Content Size,Requests/s,Failures/s,50%,66%,75%,80%,90%,95%,98%,99%,99.9%,99.99%,100%
GET,/,19817,0,3,4.0510365292425226,1.749600000010787,150.97359999998616,8688.0,82.7931444822533,0.0,3,4,4,4,5,6,12,18,63,150,150
,Aggregated,19817,0,3,4.0510365292425226,1.749600000010787,150.97359999998616,8688.0,82.7931444822533,0.0,3,4,4,4,5,6,12,18,63,150,150
