Type,Name,Request Count,Failure Count,Median Response Time,Average Response Time,Min Response Time,Max Response Time,Average Content Size,Requests/s,Failures/s,50%,66%,75%,80%,90%,95%,98%,99%,99.9%,99.99%,100%
GET,/,31312,0,4,4.959871985181488,1.796500000011747,179.84750000000105,8688.0,130.9379008523019,0.0,4,4,5,5,6,8,17,46,97,160,180
,Aggregated,31312,0,4,4.959871985181488,1.796500000011747,179.84750000000105,8688.0,130.9379008523019,0.0,4,4,5,5,6,8,17,46,97,160,180
