Type,Name,Request Count,Failure Count,Median Response Time,Average Response Time,Min Response Time,Max Response Time,Average Content Size,Requests/s,Failures/s,50%,66%,75%,80%,90%,95%,98%,99%,99.9%,99.99%,100%
GET,/,791,0,3,3.543131731984791,2.235999999982141,48.81149999999934,8688.0,3.3202780453932377,0.0,3,3,3,4,4,4,5,24,49,49,49
,Aggregated,791,0,3,3.543131731984791,2.235999999982141,48.81149999999934,8688.0,3.3202780453932377,0.0,3,3,3,4,4,4,5,24,49,49,49
