Type,Name,Request Count,Failure Count,Median Response Time,Average Response Time,Min Response Time,Max Response Time,Average Content Size,Requests/s,Failures/s,50%,66%,75%,80%,90%,95%,98%,99%,99.9%,99.99%,100%
GET,/,41455,0,4,6.7249449740682765,1.7201000000000022,261.91889999999773,8688.0,173.2338262626314,0.0,4,5,6,6,8,16,46,67,180,240,260
,Aggregated,41455,0,4,6.7249449740682765,1.7201000000000022,261.91889999999773,8688.0,173.2338262626314,0.0,4,5,6,6,8,16,46,67,180,240,260
