Type,Name,Request Count,Failure Count,Median Response Time,Average Response Time,Min Response Time,Max Response Time,Average Content Size,Requests/s,Failures/s,50%,66%,75%,80%,90%,95%,98%,99%,99.9%,99.99%,100%
GET,/,21209,0,3,4.100369753406425,1.844099999999571,98.2682000000068,8688.0,88.60186291593115,0.0,3,4,4,5,5,6,13,18,54,80,98
,Aggregated,21209,0,3,4.100369753406425,1.844099999999571,98.2682000000068,8688.0,88.60186291593115,0.0,3,4,4,5,5,6,13,18,54,80,98
