Type,Name,Request Count,Failure Count,Median Response Time,Average Response Time,Min Response Time,Max Response Time,Average Content Size,Requests/s,Failures/s,50%,66%,75%,80%,90%,95%,98%,99%,99.9%,99.99%,100%
GET,/,19089,0,3,4.13593462203359,1.734599999991815,204.1284999999995,8688.0,79.71952191834215,0.0,3,4,4,4,5,6,13,19,120,200,200
,Aggregated,19089,0,3,4.13593462203359,1.734599999991815,204.1284999999995,8688.0,79.71952191834215,0.0,3,4,4,4,5,6,13,19,120,200,200
