Type,Name,Request Count,Failure Count,Median Response Time,Average Response Time,Min Response Time,Max Response Time,Average Content Size,Requests/s,Failures/s,50%,66%,75%,80%,90%,95%,98%,99%,99.9%,99.99%,100%
GET,/,37168,0,4,7.55100085019357,1.6037999999980457,249.4761999999895,8688.0,177.89448098425015,0.0,4,5,6,7,10,22,53,82,160,190,250
,Aggregated,37168,0,4,7.55100085019357,1.6037999999980457,249.4761999999895,8688.0,177.89448098425015,0.0,4,5,6,7,10,22,53,82,160,190,250
