Type,Name,Request Count,Failure Count,Median Response Time,Average Response Time,Min Response Time,Max Response Time,Average Content Size,Requests/s,Failures/s,50%,66%,75%,80%,90%,95%,98%,99%,99.9%,99.99%,100%
GET,/,51356,0,37,113.4964379040426,1.6869000000099277,1105.5010000000038,8688.0,245.64322286454657,0.0,37,100,160,210,360,480,590,670,820,1000,1100
,Aggregated,51356,0,37,113.4964379040426,1.6869000000099277,1105.5010000000038,8688.0,245.64322286454657,0.0,37,100,160,210,360,480,590,670,820,1000,1100
