Type,Name,Request Count,Failure Count,Median Response Time,Average Response Time,Min Response Time,Max Response Time,Average Content Size,Requests/s,Failures/s,50%,66%,75%,80%,90%,95%,98%,99%,99.9%,99.99%,100%
GET,/,19010,0,3,4.14561936349288,1.62310000001753,112.30720000000005,8688.0,79.67856083915206,0.0,3,4,4,5,5,6,14,20,71,110,110
,Aggregated,19010,0,3,4.14561936349288,1.62310000001753,112.30720000000005,8688.0,79.67856083915206,0.0,3,4,4,5,5,6,14,20,71,110,110
